gantry_from,gantry_to,n_records,n_valid,median_tt_sec,p05_tt_sec,p95_tt_sec,mean_traffic_5min,length_km,free_flow_kmh
01F0699S,01F0750S,2016,2016,180.0,169.0,223.0,90.3,5.1,108.6
01F0750S,01F0880S,2016,2014,476.0,444.0,1051.1,145.7,13.0,105.4
01F0880S,01F0928S,2016,2016,185.0,164.0,405.0,146.9,4.8,105.4
01F0928S,01F0950S,2016,2016,80.0,74.0,104.0,113.5,2.2,107.0
01F0950S,01F0980S,2016,2016,110.0,102.0,145.5,113.5,3.0,105.9
01F0980S,01F1045S,2016,2016,230.0,220.0,250.2,108.3,6.5,106.4
01F0980S,03F0996N,2016,1805,140.0,125.0,349.6,14.0,,
01F0980S,03F1022S,2016,2013,116.0,103.0,134.0,69.6,,
01H0610S,01F0750S,2016,2014,513.0,470.0,610.3,85.5,,
